1,Irma,Branscombe,ibranscombe0@dagondesign.com,100
2,Ulrikaumeko,Clubbe,uclubbe1@answers.com,200
3,Emeline,Peerman,epeerman2@umn.edu,300
4,Bernhard,Fiddiman,bfiddiman3@psu.edu,150
5,Emmery,Callingham,ecallingham4@domainmarket.com,160
6,Merv,Vescovo,mvescovo5@tinyurl.com,120
7,Igor,Brecken,ibrecken6@java.com,1200
8,Dewey,Isitt,disitt7@mac.com,1345
9,Alethea,Maria,amaria8@merriam-webster.com,530
10,Arleyne,Dennerly,adennerly9@si.edu,670
